id,title,source_url,game_type,tags,download_status,uploader,duration,published_at,play_count
BV1RtZmYGEkH,英雄联盟 | 变态五杀集锦,http://www.bilibili.com/video/av114273292456952,LOL,"LOL,五杀,高光,精彩时刻",skipped,真嗣个巴嘎,26:52,2025-04-03T17:43:30+08:00,28197
BV12h4y1o73D,“英雄联盟所有五杀特殊语音台词（全），没有比这更帅的了！”,http://www.bilibili.com/video/av656570112,LOL,"LOL,五杀,高光,精彩时刻",skipped,艾黎ike,12:7,2023-05-27T13:20:29+08:00,2063621
BV1YgKh6bE2M,游戏可以输 五杀不能给,http://www.bilibili.com/video/av116957915515809,LOL,"LOL,五杀,高光,精彩时刻",skipped,王者荣耀赵一,0:46,2026-07-21T20:20:02+08:00,5190
BV1gsxLzkE7F,英雄联盟世界赛五杀TOP10,http://www.bilibili.com/video/av115325542669841,LOL,"LOL,五杀,高光,精彩时刻",skipped,Faker大满贯,8:1,2025-10-06T13:23:56+08:00,58359
BV13e4y1L7oo,派克年度五杀,http://www.bilibili.com/video/av649540826,LOL,"LOL,五杀,高光,精彩时刻",skipped,顾七尘Prime,6:23,2022-12-31T11:45:15+08:00,180924
BV1Z3411r7z8,【王者五杀Top5】女娲：一炮五杀全场安静了，我就是世界法则！,http://www.bilibili.com/video/av421317458,LOL,"LOL,五杀,高光,精彩时刻",skipped,管家加点酱,3:18,2021-10-26T11:28:45+08:00,471781
BV1hx411U7jX,五杀VS五杀 - 无人生还 - 双方同时五杀/团灭集锦,http://www.bilibili.com/video/av10040872,LOL,"LOL,五杀,高光,精彩时刻",skipped,TAKERA,672:7,2017-04-23T15:28:28+08:00,76852
BV1DMK46VEzj,五杀,http://www.bilibili.com/video/av116954325057667,LOL,"LOL,五杀,高光,精彩时刻",skipped,纯爱永远的神qwq,0:59,2026-07-21T05:05:35+08:00,85863
BV1o1421v7fN,五杀中最强的一打五五杀，各大主播的绝世场面,http://www.bilibili.com/video/av1554803328,LOL,"LOL,五杀,高光,精彩时刻",skipped,小花-龙申传媒,11:30,2024-05-21T15:49:17+08:00,1080491
BV1FT411876n,日服的五杀语音真顶啊！,http://www.bilibili.com/video/av485916473,LOL,"LOL,五杀,高光,精彩时刻",skipped,浪灯Wdc,2:29,2023-05-09T15:30:00+08:00,1649371
BV1K3T765E2q,英雄联盟旧版本五杀,http://www.bilibili.com/video/av116848913813813,LOL,"LOL,五杀,高光,精彩时刻",skipped,绝对为一,0:41,2026-07-02T14:16:43+08:00,4070
BV1GN411f7WD,【王者五杀Top5】这伤害才叫吕布！敌方五人全懵了！,http://www.bilibili.com/video/av502832276,LOL,"LOL,五杀,高光,精彩时刻",skipped,管家加点酱,3:35,2021-04-30T11:00:00+08:00,921442
BV1qGgD6YEub,拿五杀最爽的英雄,http://www.bilibili.com/video/av116967092586061,LOL,"LOL,五杀,高光,精彩时刻",skipped,LOLm蜻蜓队长,0:37,2026-07-23T11:11:57+08:00,1975
BV1SDikYvEtV,LOL全球十大顶级操作怪！十大天花板操作名场面,http://www.bilibili.com/video/av113609300510064,LOL,"LOL,五杀,高光,精彩时刻",skipped,卡西斯特利娅莎,15:27,2024-12-07T11:03:52+08:00,543859
BV1pjg46kEtR,AL让一追二战胜JDG， 香克斯五杀麦克风：五杀 五杀 有五杀,http://www.bilibili.com/video/av116969256782280,LOL,"LOL,五杀,高光,精彩时刻",skipped,锻炼佳学习,3:13,2026-07-23T20:24:40+08:00,2090
BV1hGmjYdEym,高燃csgo剪辑  五杀,http://www.bilibili.com/video/av113305817521167,CS GO,"CS GO,五杀,高光,精彩时刻",skipped,不吃宵夜--,1:8,2024-10-14T20:45:58+08:00,3361
BV1f44y1Y7LG,【4K60帧】Danking五杀OG #双视角,http://www.bilibili.com/video/av977002669,CS GO,"CS GO,五杀,高光,精彩时刻",skipped,Wu_Dian,1:37,2021-12-03T08:04:10+08:00,29554
BV1Kv4y1u7kK,巅峰kennyS对阵巅峰fnatic的逆天5杀！,http://www.bilibili.com/video/av555372491,CS GO,"CS GO,五杀,高光,精彩时刻",skipped,CSGO_Godh,0:54,2022-06-26T12:08:58+08:00,456480
BV1sNicBvEZ2,无甲满血五杀，一个人安静的残局,http://www.bilibili.com/video/av115826510267750,CS GO,"CS GO,五杀,高光,精彩时刻",skipped,lo73o,2:5,2026-01-03T00:48:18+08:00,571478
BV1ekg66AEWL,史上最绝望的5杀,http://www.bilibili.com/video/av116960717315722,CS GO,"CS GO,五杀,高光,精彩时刻",skipped,死神怪蜀黍,1:6,2026-07-24T17:00:00+08:00,15470
BV1Fu4Zz2EXA,CS2首个一枪五杀,http://www.bilibili.com/video/av114977532810354,CS GO,"CS GO,五杀,高光,精彩时刻",skipped,AYCS2,1:21,2025-08-06T02:21:26+08:00,1585767
BV1cB4y1Z7Tr,CS2细节：五种击杀卡牌！五杀还有Ace！,http://www.bilibili.com/video/av577495689,CS GO,"CS GO,五杀,高光,精彩时刻",skipped,Sabotaged_Enigma,2:14,2023-10-21T19:26:40+08:00,27733
BV1Ya411m7id,98K五杀,http://www.bilibili.com/video/av210952479,CS GO,"CS GO,五杀,高光,精彩时刻",skipped,Mr_Egg1gg,0:43,2022-01-24T13:29:28+08:00,394109
BV1vumbBdE15,今回首-轻舟已过万重山- -csgo -残局 -极限操作 -五杀 -顾风解说CS2,http://www.bilibili.com/video/av115694926633621,CS GO,"CS GO,五杀,高光,精彩时刻",skipped,jquxpq36514,0:57,2025-12-10T19:04:47+08:00,332
BV1B4kRYwEwp,ECO五杀，巴克拉姆真的好听,http://www.bilibili.com/video/av113708017649621,CS GO,"CS GO,五杀,高光,精彩时刻",skipped,6ton,0:51,2024-12-24T21:28:57+08:00,1035
BV1UAg16PEgF,"""CSGO世界上最伟大的1v5残局，毋庸置疑""",http://www.bilibili.com/video/av116964240396779,CS GO,"CS GO,五杀,高光,精彩时刻",skipped,cs2-恶毒的炸药包,2:8,2026-07-22T23:09:47+08:00,220
BV1Sq4y1T7rn,【马桶c】《CS：GO》桶子哥1V5高燃五杀名场面,http://www.bilibili.com/video/av547871815,CS GO,"CS GO,五杀,高光,精彩时刻",skipped,污妖桶的高寒c,1:8,2021-09-05T20:38:02+08:00,43297
BV1iMCjY9EFV,为了这个五杀，专门学了半小时pr,http://www.bilibili.com/video/av113703219366850,CS GO,"CS GO,五杀,高光,精彩时刻",skipped,琪琪要开心捏,0:41,2024-12-24T01:08:23+08:00,39766
BV1eggv6UEPA,100小时第一次五杀，开心,http://www.bilibili.com/video/av116974810040092,CS GO,"CS GO,五杀,高光,精彩时刻",skipped,人饿了就会吃饭,1:37,2026-07-24T19:57:32+08:00,89
BV1CZ421e7bK,最唐的五杀,http://www.bilibili.com/video/av1152965461,CS GO,"CS GO,五杀,高光,精彩时刻",skipped,纯纯蛋蛋,0:36,2024-04-07T07:04:35+08:00,1508168
