image_id,keyword,image_url,local_path,fetch_time,game_type
lol_ec3b0ac4f201801c,LOL 五杀 游戏截图,https://i2.hdslb.com/bfs/archive/71333c5f97547498609e10e6d440c39ddf8ea303.jpg,data_acquisition/raw_images/lol/lol_ec3b0ac4f201801c.jpg,2026-07-25T11:38:21+08:00,LOL
lol_7e1559c90a0598af,LOL 五杀 游戏截图,https://i0.hdslb.com/bfs/archive/31ecf53ba65d3d84e9583d5a7cb13f7c80d9adae.jpg,data_acquisition/raw_images/lol/lol_7e1559c90a0598af.jpg,2026-07-25T11:38:23+08:00,LOL
lol_01f86e5a9d91af8c,LOL 五杀 游戏截图,https://i0.hdslb.com/bfs/archive/fc52f5d228a4627e5c7ddda270c8dcba1dea41b3.jpg,data_acquisition/raw_images/lol/lol_01f86e5a9d91af8c.jpg,2026-07-25T11:38:23+08:00,LOL
lol_4d373c52e9e30f37,LOL 五杀 游戏截图,"https://img2.baidu.com/it/u=2271672986,308760896&fm=253&fmt=auto&app=138&f=JPEG?w=1422&h=800",data_acquisition/raw_images/lol/lol_4d373c52e9e30f37.jpg,2026-07-25T11:38:27+08:00,LOL
lol_422475966d6ed614,LOL 五杀 游戏截图,https://i1.hdslb.com/bfs/archive/c26bdfc730fa4f358ee1680cd178429b4ed79dab.jpg,data_acquisition/raw_images/lol/lol_422475966d6ed614.jpg,2026-07-25T11:38:28+08:00,LOL
lol_87821a7ff1a77365,LOL 五杀 游戏截图,https://i0.hdslb.com/bfs/archive/3688bfc0559e1ffe54640d4c668067ef3c11f4bb.jpg,data_acquisition/raw_images/lol/lol_87821a7ff1a77365.jpg,2026-07-25T11:38:29+08:00,LOL
lol_bff7dbf1c37941d2,LOL 五杀 游戏截图,https://i1.hdslb.com/bfs/archive/69a23601eb0d00e5c396d80c817f53b243924787.jpg,data_acquisition/raw_images/lol/lol_bff7dbf1c37941d2.jpg,2026-07-25T11:38:31+08:00,LOL
lol_64ece09b7899a785,LOL 五杀 游戏截图,https://i1.hdslb.com/bfs/archive/19818bf2b99d3b5774d320dc057e4b30442658db.jpg,data_acquisition/raw_images/lol/lol_64ece09b7899a785.jpg,2026-07-25T11:38:31+08:00,LOL
lol_2de6af49b04bd79f,LOL 五杀 游戏截图,https://i0.hdslb.com/bfs/article/e99f42db4d51cfba3ad0d52866f78088437911922.jpg@1192w.webp,data_acquisition/raw_images/lol/lol_2de6af49b04bd79f.jpg,2026-07-25T11:38:31+08:00,LOL
lol_f2d01ffbff7924d4,LOL 五杀 游戏截图,https://i2.hdslb.com/bfs/archive/8f027136d0fa7af348461ec7a2f8fed478b0617a.jpg,data_acquisition/raw_images/lol/lol_f2d01ffbff7924d4.jpg,2026-07-25T11:38:31+08:00,LOL
lol_8579ee8dfd184072,LOL 五杀 游戏截图,https://i0.hdslb.com/bfs/article/4a44288191fae2bca8860b354d0bf0dd437911922.jpg@1192w.webp,data_acquisition/raw_images/lol/lol_8579ee8dfd184072.jpg,2026-07-25T11:38:32+08:00,LOL
lol_841ae844557304e6,LOL 五杀 游戏截图,https://i0.hdslb.com/bfs/article/b765a3752507a8003c34e1da361f202e437911922.jpg@1192w.webp,data_acquisition/raw_images/lol/lol_841ae844557304e6.jpg,2026-07-25T11:38:32+08:00,LOL
lol_73d678ba1d2c60d4,LOL 五杀 游戏截图,https://i0.hdslb.com/bfs/article/ec6fbb53b73389dd3e7806603ab68024437911922.jpg@1192w.webp,data_acquisition/raw_images/lol/lol_73d678ba1d2c60d4.jpg,2026-07-25T11:38:35+08:00,LOL
lol_fd85ba50a89c1279,LOL 五杀 游戏截图,https://i0.hdslb.com/bfs/article/31e92e977e7c924313dc95c795dfa4c5437911922.jpg@1192w.webp,data_acquisition/raw_images/lol/lol_fd85ba50a89c1279.jpg,2026-07-25T11:38:35+08:00,LOL
lol_af57f89ece99456b,LOL 五杀 游戏截图,"https://img1.baidu.com/it/u=1660463282,4185848805&fm=253&fmt=auto&app=138&f=JPEG?w=1778&h=800",data_acquisition/raw_images/lol/lol_af57f89ece99456b.jpg,2026-07-25T11:38:37+08:00,LOL
lol_87bfbea0e5de14a6,LOL 五杀 游戏截图,https://i0.hdslb.com/bfs/article/dd50867367948f9ca1d8dc408a1ec0a1437911922.jpg@1192w.webp,data_acquisition/raw_images/lol/lol_87bfbea0e5de14a6.jpg,2026-07-25T11:38:37+08:00,LOL
lol_96391197fd48040c,LOL 五杀 游戏截图,https://i0.hdslb.com/bfs/article/11e6772726f770349c19cadb996030ee437911922.jpg@1192w.webp,data_acquisition/raw_images/lol/lol_96391197fd48040c.jpg,2026-07-25T11:38:38+08:00,LOL
lol_468835ab18bf8702,LOL 五杀 游戏截图,https://pic.rmb.bdstatic.com/bjh/58cb77329914e15b37f86fe531a05e65.jpeg@h_1280,data_acquisition/raw_images/lol/lol_468835ab18bf8702.jpg,2026-07-25T11:38:38+08:00,LOL
lol_0267aa56815a1f70,LOL 五杀 游戏截图,https://i0.hdslb.com/bfs/article/9eb5426c85ad3967374b05c37ed3b114437911922.jpg@1192w.webp,data_acquisition/raw_images/lol/lol_0267aa56815a1f70.jpg,2026-07-25T11:38:39+08:00,LOL
lol_71fd5896d8537b49,LOL 五杀 游戏截图,https://i0.hdslb.com/bfs/article/d9b6d1d041e14ca7889c70b6ccd5ee37437911922.jpg@1192w.webp,data_acquisition/raw_images/lol/lol_71fd5896d8537b49.jpg,2026-07-25T11:38:39+08:00,LOL
lol_bfb0ead83384e3f3,LOL 五杀 游戏截图,https://i2.hdslb.com/bfs/archive/edc1a9f78b5c0c7b7cfbf76f03f266dd1693c8d4.jpg,data_acquisition/raw_images/lol/lol_bfb0ead83384e3f3.jpg,2026-07-25T11:38:39+08:00,LOL
lol_6c9bd7c4ef1e1a03,LOL 五杀 游戏截图,https://i0.hdslb.com/bfs/article/6df29349ff9c2ea1967368fd2f888071437911922.jpg@1192w.webp,data_acquisition/raw_images/lol/lol_6c9bd7c4ef1e1a03.jpg,2026-07-25T11:38:40+08:00,LOL
lol_5ef34a16052296b4,LOL 五杀 游戏截图,https://i0.hdslb.com/bfs/article/ef562bb102f5c5d35584907e95558cbe437911922.jpg@1192w.webp,data_acquisition/raw_images/lol/lol_5ef34a16052296b4.jpg,2026-07-25T11:38:40+08:00,LOL
lol_b9ae9970266df749,LOL 五杀 游戏截图,https://i2.hdslb.com/bfs/archive/bdda13b4a4e240ec7c70a95a4a799010426ce1aa.jpg,data_acquisition/raw_images/lol/lol_b9ae9970266df749.jpg,2026-07-25T11:38:40+08:00,LOL
lol_0d3f92b765f0e7eb,LOL 五杀 游戏截图,https://i0.hdslb.com/bfs/article/8059f53d80ef40b2e2e77a465428cee8437911922.jpg@1192w.webp,data_acquisition/raw_images/lol/lol_0d3f92b765f0e7eb.jpg,2026-07-25T11:38:41+08:00,LOL
lol_c60267a8554ddb9d,LOL 五杀 游戏截图,https://i2.hdslb.com/bfs/archive/7c13799f99a2e3aa9577548951b838867ac4aa37.jpg,data_acquisition/raw_images/lol/lol_c60267a8554ddb9d.jpg,2026-07-25T11:38:41+08:00,LOL
lol_d8704cbe60f1a853,LOL 五杀 游戏截图,https://i0.hdslb.com/bfs/article/2fdb1809549bbea6c21b0b7b1795e71c437911922.jpg@1192w.webp,data_acquisition/raw_images/lol/lol_d8704cbe60f1a853.jpg,2026-07-25T11:38:41+08:00,LOL
lol_86fedc7f2dc1cce6,LOL 五杀 游戏截图,https://i0.hdslb.com/bfs/article/7e439c59180163b59d950b9ce90ac595437911922.jpg@1192w.webp,data_acquisition/raw_images/lol/lol_86fedc7f2dc1cce6.jpg,2026-07-25T11:38:42+08:00,LOL
lol_ca5f5cb77c3f6f33,LOL 五杀 游戏截图,"https://img2.baidu.com/it/u=731454470,2614535060&fm=253&fmt=auto&app=120&f=JPEG?w=889&h=500",data_acquisition/raw_images/lol/lol_ca5f5cb77c3f6f33.jpg,2026-07-25T11:38:44+08:00,LOL
lol_1d471cebb40efe13,LOL 五杀 游戏截图,https://i0.hdslb.com/bfs/article/ebcec47e7821927abe2e0ec3e95a3b1f437911922.jpg@1192w.webp,data_acquisition/raw_images/lol/lol_1d471cebb40efe13.jpg,2026-07-25T11:38:44+08:00,LOL
lol_4d27be28d9730f1a,LOL 五杀 游戏截图,https://i0.hdslb.com/bfs/archive/47d8b87499c3fc92837d0b61b089109e3bde2b76.jpg,data_acquisition/raw_images/lol/lol_4d27be28d9730f1a.jpg,2026-07-25T11:38:45+08:00,LOL
lol_a80caa62fdd63578,LOL 五杀 游戏截图,https://i0.hdslb.com/bfs/article/463bc5deb6fcc872a6efc2a3b19e856c437911922.jpg@1192w.webp,data_acquisition/raw_images/lol/lol_a80caa62fdd63578.jpg,2026-07-25T11:38:45+08:00,LOL
lol_090a13eb84c341de,LOL 五杀 游戏截图,https://gss0.baidu.com/-vo3dSag_xI4khGko9WTAnF6hhy/zhidao/pic/item/2e2eb9389b504fc28824a7ace3dde71190ef6d1b.jpg,data_acquisition/raw_images/lol/lol_090a13eb84c341de.jpg,2026-07-25T11:38:47+08:00,LOL
lol_c6ad47189dec11de,LOL 五杀 游戏截图,https://i0.hdslb.com/bfs/article/51041856530c90b7be953821c60c320b437911922.jpg@1192w.webp,data_acquisition/raw_images/lol/lol_c6ad47189dec11de.jpg,2026-07-25T11:38:47+08:00,LOL
lol_7df3314f6adee6e6,LOL 五杀 游戏截图,https://i1.hdslb.com/bfs/archive/2999c0ee45ad3f23a9e0f3bf4fcb1c5d866c692b.jpg,data_acquisition/raw_images/lol/lol_7df3314f6adee6e6.jpg,2026-07-25T11:38:48+08:00,LOL
lol_08317414ca1e317b,LOL 五杀 游戏截图,https://i0.hdslb.com/bfs/article/862ec8d302cb1edfe57f8fc796b9d8cd437911922.jpg@1192w.webp,data_acquisition/raw_images/lol/lol_08317414ca1e317b.jpg,2026-07-25T11:38:48+08:00,LOL
lol_a0577e6620c65058,LOL 五杀 游戏截图,https://i0.hdslb.com/bfs/article/a1b0f7bbf554c132558489445634e4e8437911922.jpg@1192w.webp,data_acquisition/raw_images/lol/lol_a0577e6620c65058.jpg,2026-07-25T11:38:48+08:00,LOL
lol_14a653cde2787438,LOL 五杀 游戏截图,https://i0.hdslb.com/bfs/article/d2ff3502342ed6ba7754dc8aaf80b4c5437911922.jpg@1192w.webp,data_acquisition/raw_images/lol/lol_14a653cde2787438.jpg,2026-07-25T11:38:49+08:00,LOL
lol_d4c99dabdbe7be01,LOL 五杀 游戏截图,https://i0.hdslb.com/bfs/article/cac9bd1b4620ae1c0c82b1352db5afdc437911922.jpg@1192w.webp,data_acquisition/raw_images/lol/lol_d4c99dabdbe7be01.jpg,2026-07-25T11:38:49+08:00,LOL
lol_dcbd84d3d4bd55c6,LOL 五杀 游戏截图,https://i0.hdslb.com/bfs/article/fb08f3cf09f9eb3df74838c9928e0367437911922.jpg@1192w.webp,data_acquisition/raw_images/lol/lol_dcbd84d3d4bd55c6.jpg,2026-07-25T11:38:50+08:00,LOL
lol_7ef4173cf4c3a3ac,LOL 五杀 游戏截图,https://i0.hdslb.com/bfs/archive/b60059168a31d1cb9b4a2077f734dad83f88fed2.png,data_acquisition/raw_images/lol/lol_7ef4173cf4c3a3ac.jpg,2026-07-25T11:38:51+08:00,LOL
lol_9f95117d6dc776c1,LOL 五杀 游戏截图,https://i0.hdslb.com/bfs/article/6402712e62740deeb7919587ef08a652437911922.jpg@1192w.webp,data_acquisition/raw_images/lol/lol_9f95117d6dc776c1.jpg,2026-07-25T11:38:51+08:00,LOL
lol_3a6360394bebfa7b,LOL 五杀 游戏截图,https://i0.hdslb.com/bfs/archive/7f2436654de4e2b9ba8352365ab96aea4f16380a.jpg,data_acquisition/raw_images/lol/lol_3a6360394bebfa7b.jpg,2026-07-25T11:38:51+08:00,LOL
lol_a2bea28e9c8f0685,LOL 五杀 游戏截图,https://i2.hdslb.com/bfs/archive/e181ad221f8b4df41ef7b06eb779f0f93c61af6b.jpg,data_acquisition/raw_images/lol/lol_a2bea28e9c8f0685.jpg,2026-07-25T11:38:52+08:00,LOL
lol_4b3b130c4583ed54,LOL 五杀 游戏截图,https://i0.hdslb.com/bfs/article/89f195cc8ef7292c185c9acbcf891d9d437911922.jpg@1192w.webp,data_acquisition/raw_images/lol/lol_4b3b130c4583ed54.jpg,2026-07-25T11:38:52+08:00,LOL
lol_ad203ca1f2617d7e,LOL 五杀 游戏截图,https://i1.hdslb.com/bfs/archive/1828d564af27327b7d6aeb09e4171c3408b8144c.jpg,data_acquisition/raw_images/lol/lol_ad203ca1f2617d7e.jpg,2026-07-25T11:38:52+08:00,LOL
lol_2d430f5e85ee2278,LOL 五杀 游戏截图,https://i0.hdslb.com/bfs/article/1290e41621c073220dd8981b51b4a7f4437911922.jpg@1192w.webp,data_acquisition/raw_images/lol/lol_2d430f5e85ee2278.jpg,2026-07-25T11:38:53+08:00,LOL
lol_202640d4fa53fc09,LOL 五杀 游戏截图,https://i1.hdslb.com/bfs/archive/690abedae248fe05596584d46f0da5e17a4dbfb5.jpg,data_acquisition/raw_images/lol/lol_202640d4fa53fc09.jpg,2026-07-25T11:38:53+08:00,LOL
lol_b1628c157dde9e0b,LOL 五杀 游戏截图,https://i2.hdslb.com/bfs/archive/3f79eccb1815afcc47b1e6f7470655483e4ee57f.jpg,data_acquisition/raw_images/lol/lol_b1628c157dde9e0b.jpg,2026-07-25T11:38:53+08:00,LOL
lol_cebbe0e3bfeafa23,LOL 五杀 游戏截图,https://i2.hdslb.com/bfs/archive/3f19ecd470158c1af52a4d107949ea164b0f83b4.jpg,data_acquisition/raw_images/lol/lol_cebbe0e3bfeafa23.jpg,2026-07-25T11:38:54+08:00,LOL
lol_970e36baa3b5bcc7,LOL 五杀 游戏截图,https://i0.hdslb.com/bfs/archive/ef109bd6c995596d46473887926592edb0beaf17.jpg,data_acquisition/raw_images/lol/lol_970e36baa3b5bcc7.jpg,2026-07-25T11:38:56+08:00,LOL
lol_f6428c700c147530,LOL 五杀 游戏截图,"https://t14.baidu.com/it/u=9367673717525655424,9140390038241774619&fm=3008&app=3011&f=PNG",data_acquisition/raw_images/lol/lol_f6428c700c147530.jpg,2026-07-25T11:38:58+08:00,LOL
lol_0c124189984682bb,LOL 五杀 游戏截图,https://i0.hdslb.com/bfs/article/4b9b0fb91c5e5ef4eed0efbe1917b6036c249d78.jpg@1192w.webp,data_acquisition/raw_images/lol/lol_0c124189984682bb.jpg,2026-07-25T11:38:59+08:00,LOL
lol_e532e4a54b40b050,LOL 五杀 游戏截图,https://i0.hdslb.com/bfs/new_dyn/1feaf5cc6aa02ff7aeb475f2574b5c31437911922.jpg@1192w.webp,data_acquisition/raw_images/lol/lol_e532e4a54b40b050.jpg,2026-07-25T11:38:59+08:00,LOL
lol_25877517fd719172,LOL 五杀 游戏截图,https://i0.hdslb.com/bfs/article/a053216b11af72a6a8895ccca31385b2437911922.jpg@1192w.webp,data_acquisition/raw_images/lol/lol_25877517fd719172.jpg,2026-07-25T11:39:00+08:00,LOL
lol_edc6679485b022af,LOL 五杀 游戏截图,https://i0.hdslb.com/bfs/archive/feb72b475d7f50d23af5ef8b13c01e510eab33bc.jpg,data_acquisition/raw_images/lol/lol_edc6679485b022af.jpg,2026-07-25T11:39:00+08:00,LOL
lol_c6dbd6837db50ecc,LOL 五杀 游戏截图,https://i0.hdslb.com/bfs/new_dyn/00daf479199391ae3554dc7507b9f1df437911922.jpg@1192w.webp,data_acquisition/raw_images/lol/lol_c6dbd6837db50ecc.jpg,2026-07-25T11:39:01+08:00,LOL
lol_b840ad2a8ee7aaed,LOL 五杀 游戏截图,"https://img0.baidu.com/it/u=674366841,2617573760&fm=253&fmt=auto&app=138&f=JPEG?w=888&h=500",data_acquisition/raw_images/lol/lol_b840ad2a8ee7aaed.jpg,2026-07-25T11:39:04+08:00,LOL
lol_68b76b356cfcc127,LOL 五杀 游戏截图,https://i0.hdslb.com/bfs/archive/0e9868f0675fe595f44149b6225f8d6f9050c8b1.jpg,data_acquisition/raw_images/lol/lol_68b76b356cfcc127.jpg,2026-07-25T11:39:05+08:00,LOL
lol_5da061daf310dcfb,LOL 五杀 游戏截图,https://i0.hdslb.com/bfs/archive/2175219d8732705ff05f32bf81f16c37413b05cb.jpg,data_acquisition/raw_images/lol/lol_5da061daf310dcfb.jpg,2026-07-25T11:39:05+08:00,LOL
csgo_1d21e16f44404196,CSGO 击杀信息 游戏截图,https://i0.hdslb.com/bfs/archive/b14d878bf6cf911fc890cbe5bc60713a56399a2c.jpg,data_acquisition/raw_images/csgo/csgo_1d21e16f44404196.jpg,2026-07-25T11:39:07+08:00,CSGO
csgo_b2f2a859ff5cb16a,CSGO 击杀信息 游戏截图,https://i0.hdslb.com/bfs/archive/9aafd2daff83475ff34ff94d4b6fbcf30296fb9f.jpg,data_acquisition/raw_images/csgo/csgo_b2f2a859ff5cb16a.jpg,2026-07-25T11:39:07+08:00,CSGO
csgo_04bb86cb085768a8,CSGO 击杀信息 游戏截图,https://i1.hdslb.com/bfs/archive/be4fbd5b6a126a717422c0f15c14e1cbdc9d17fd.jpg,data_acquisition/raw_images/csgo/csgo_04bb86cb085768a8.jpg,2026-07-25T11:39:07+08:00,CSGO
csgo_1cc42d5669b1c932,CSGO 击杀信息 游戏截图,https://i0.hdslb.com/bfs/archive/a799ce3a3debf3d6899f8aaf235e4bea31b9f3a5.jpg,data_acquisition/raw_images/csgo/csgo_1cc42d5669b1c932.jpg,2026-07-25T11:39:08+08:00,CSGO
csgo_22710cd8cb6bfcbd,CSGO 击杀信息 游戏截图,https://i2.hdslb.com/bfs/archive/9c08d992df2ee01ee2fc0d4b34b73211cfead02f.jpg,data_acquisition/raw_images/csgo/csgo_22710cd8cb6bfcbd.jpg,2026-07-25T11:39:08+08:00,CSGO
csgo_d594ccff177ee02b,CSGO 击杀信息 游戏截图,"https://img0.baidu.com/it/u=1990162178,682115933&fm=253&fmt=auto&app=120&f=JPEG?w=1422&h=800",data_acquisition/raw_images/csgo/csgo_d594ccff177ee02b.jpg,2026-07-25T11:39:08+08:00,CSGO
csgo_af38f2c2f1536331,CSGO 击杀信息 游戏截图,https://i1.hdslb.com/bfs/archive/1f45efadb60136f06ae7d268e4857869e656db53.jpg,data_acquisition/raw_images/csgo/csgo_af38f2c2f1536331.jpg,2026-07-25T11:39:09+08:00,CSGO
csgo_6447b67c370d98d1,CSGO 击杀信息 游戏截图,https://i0.hdslb.com/bfs/archive/e09b88cd44a783743faf4dd306f445359a00bce1.jpg,data_acquisition/raw_images/csgo/csgo_6447b67c370d98d1.jpg,2026-07-25T11:39:10+08:00,CSGO
csgo_c0772373ea8dee34,CSGO 击杀信息 游戏截图,"https://img2.baidu.com/it/u=296227420,2521878019&fm=253&fmt=auto&app=138&f=JPEG?w=1067&h=800",data_acquisition/raw_images/csgo/csgo_c0772373ea8dee34.jpg,2026-07-25T11:39:13+08:00,CSGO
csgo_d6f148a3b4039e32,CSGO 击杀信息 游戏截图,"https://img1.baidu.com/it/u=250539583,1677704554&fm=253&fmt=auto&app=120&f=JPEG?w=888&h=500",data_acquisition/raw_images/csgo/csgo_d6f148a3b4039e32.jpg,2026-07-25T11:39:13+08:00,CSGO
csgo_0fad7bb29b95cbbb,CSGO 击杀信息 游戏截图,https://i2.hdslb.com/bfs/archive/c4efa88926e65184223a60544efce7b30ec8e987.jpg,data_acquisition/raw_images/csgo/csgo_0fad7bb29b95cbbb.jpg,2026-07-25T11:39:13+08:00,CSGO
csgo_2cf79234d014b96f,CSGO 击杀信息 游戏截图,https://i2.hdslb.com/bfs/archive/27a3b28b3e0e216880ff7d3fa2c62a495472e89e.jpg,data_acquisition/raw_images/csgo/csgo_2cf79234d014b96f.jpg,2026-07-25T11:39:13+08:00,CSGO
csgo_d1ab9502e194e660,CSGO 击杀信息 游戏截图,https://i0.hdslb.com/bfs/archive/3e07fd91e8eebeff40c7214f9d318aaf535e18e2.jpg,data_acquisition/raw_images/csgo/csgo_d1ab9502e194e660.jpg,2026-07-25T11:39:14+08:00,CSGO
csgo_f1104acaa47ce159,CSGO 击杀信息 游戏截图,https://i2.hdslb.com/bfs/archive/3cac316e87765e046ef470456a51b8b15c06a697.jpg,data_acquisition/raw_images/csgo/csgo_f1104acaa47ce159.jpg,2026-07-25T11:39:14+08:00,CSGO
csgo_c97810e070c237be,CSGO 击杀信息 游戏截图,"https://t13.baidu.com/it/u=3981509721,3794963818&fm=225&app=113&f=JPEG?w=1920&h=1080&s=3443B94ADA7B12968839341803001090",data_acquisition/raw_images/csgo/csgo_c97810e070c237be.jpg,2026-07-25T11:39:16+08:00,CSGO
csgo_ba27ddde5a21170e,CSGO 击杀信息 游戏截图,https://i0.hdslb.com/bfs/archive/0c70cf2770470ed4291c9ab41071c3ed716a2a20.jpg,data_acquisition/raw_images/csgo/csgo_ba27ddde5a21170e.jpg,2026-07-25T11:39:16+08:00,CSGO
csgo_a27c29962e4f3923,CSGO 击杀信息 游戏截图,"https://img1.baidu.com/it/u=3089554688,2826668090&fm=253&fmt=auto&app=120&f=JPEG?w=889&h=500",data_acquisition/raw_images/csgo/csgo_a27c29962e4f3923.jpg,2026-07-25T11:39:16+08:00,CSGO
csgo_710698ae5315a6c6,CSGO 击杀信息 游戏截图,https://i1.hdslb.com/bfs/archive/7076fb6adc9affed0320390cb42f8f87be4a0516.jpg,data_acquisition/raw_images/csgo/csgo_710698ae5315a6c6.jpg,2026-07-25T11:39:17+08:00,CSGO
csgo_943372e66ad0f17f,CSGO 击杀信息 游戏截图,https://i1.hdslb.com/bfs/archive/7a8d06cdd926aa6c67a67568d7b024268b7bbd96.jpg,data_acquisition/raw_images/csgo/csgo_943372e66ad0f17f.jpg,2026-07-25T11:39:17+08:00,CSGO
csgo_cae33eb468306643,CSGO 击杀信息 游戏截图,"https://t14.baidu.com/it/u=10504344877303740008,10607829262241711835&fm=3008&app=3011&f=JPEG",data_acquisition/raw_images/csgo/csgo_cae33eb468306643.jpg,2026-07-25T11:39:17+08:00,CSGO
csgo_0dbcfad7744c1c0f,CSGO 击杀信息 游戏截图,https://i2.hdslb.com/bfs/archive/9def3fcc0a02c2a406318a63dfb7e2a3bde94c2f.jpg,data_acquisition/raw_images/csgo/csgo_0dbcfad7744c1c0f.jpg,2026-07-25T11:39:18+08:00,CSGO
csgo_268ab96908a728cb,CSGO 击杀信息 游戏截图,"https://img2.baidu.com/it/u=438864357,230330946&fm=253&fmt=auto&app=138&f=JPEG?w=1280&h=800",data_acquisition/raw_images/csgo/csgo_268ab96908a728cb.jpg,2026-07-25T11:39:20+08:00,CSGO
csgo_fa18d6cb38ba614d,CSGO 击杀信息 游戏截图,https://i0.hdslb.com/bfs/archive/627c59b723545a66d991f8bc43a0f9bb0bc9894d.jpg,data_acquisition/raw_images/csgo/csgo_fa18d6cb38ba614d.jpg,2026-07-25T11:39:20+08:00,CSGO
csgo_a99665cadc74a073,CSGO 击杀信息 游戏截图,https://i2.hdslb.com/bfs/archive/2f06efc43de9382afa827f41143fc7312bd0f6eb.jpg,data_acquisition/raw_images/csgo/csgo_a99665cadc74a073.jpg,2026-07-25T11:39:20+08:00,CSGO
csgo_60d5ba753e9e6cff,CSGO 击杀信息 游戏截图,https://i2.hdslb.com/bfs/archive/de26bb539b2972066ccabe5a3848de14eb10e0c3.jpg,data_acquisition/raw_images/csgo/csgo_60d5ba753e9e6cff.jpg,2026-07-25T11:39:21+08:00,CSGO
csgo_a642272a1e4d2826,CSGO 击杀信息 游戏截图,https://i2.hdslb.com/bfs/archive/8962535daf3146bed3ff7744883bc0ab53191701.jpg,data_acquisition/raw_images/csgo/csgo_a642272a1e4d2826.jpg,2026-07-25T11:39:21+08:00,CSGO
csgo_b91796d30f21532d,CSGO 击杀信息 游戏截图,https://i1.hdslb.com/bfs/archive/cd868992f3cadc63b0586eca5ef9c452e58ee5c1.jpg,data_acquisition/raw_images/csgo/csgo_b91796d30f21532d.jpg,2026-07-25T11:39:21+08:00,CSGO
csgo_5494a432b94b58d7,CSGO 击杀信息 游戏截图,https://i0.hdslb.com/bfs/archive/840bd14d4be7b9a54fb767c2cc7f18424410feb4.jpg,data_acquisition/raw_images/csgo/csgo_5494a432b94b58d7.jpg,2026-07-25T11:39:22+08:00,CSGO
csgo_6d8e33a64c256513,CSGO 击杀信息 游戏截图,https://i0.hdslb.com/bfs/archive/b43cdcc0c3d0b9414225b96a3c82f9c96690c79e.jpg,data_acquisition/raw_images/csgo/csgo_6d8e33a64c256513.jpg,2026-07-25T11:39:22+08:00,CSGO
csgo_0473e249ee8a4202,CSGO 击杀信息 游戏截图,"https://img1.baidu.com/it/u=514268977,4116331137&fm=253&fmt=auto&app=120&f=JPEG?w=800&h=500",data_acquisition/raw_images/csgo/csgo_0473e249ee8a4202.jpg,2026-07-25T11:39:22+08:00,CSGO
csgo_5a25f48792b73329,CSGO 击杀信息 游戏截图,https://i2.hdslb.com/bfs/archive/60ae3903072fe88f45425a008925fc2403c1b963.jpg,data_acquisition/raw_images/csgo/csgo_5a25f48792b73329.jpg,2026-07-25T11:39:25+08:00,CSGO
csgo_ac5ca1808925da1e,CSGO 击杀信息 游戏截图,https://i1.hdslb.com/bfs/archive/a93ebc20a9a71aca752b9ef3f3ab8ecfe590718b.jpg,data_acquisition/raw_images/csgo/csgo_ac5ca1808925da1e.jpg,2026-07-25T11:39:25+08:00,CSGO
csgo_553062f2e259ab2a,CSGO 击杀信息 游戏截图,https://i1.hdslb.com/bfs/archive/4c717c456138e9eb997679f3d78d95b81cdcc7de.jpg,data_acquisition/raw_images/csgo/csgo_553062f2e259ab2a.jpg,2026-07-25T11:39:25+08:00,CSGO
csgo_78865202ef41d6a8,CSGO 击杀信息 游戏截图,https://i0.hdslb.com/bfs/archive/b341043cf00fec8def1e6545bb2aa247d7aed2cc.jpg,data_acquisition/raw_images/csgo/csgo_78865202ef41d6a8.jpg,2026-07-25T11:39:26+08:00,CSGO
csgo_b4f6578ff6bf18b5,CSGO 击杀信息 游戏截图,https://i2.hdslb.com/bfs/archive/692a863634ffb6fe9c70dcae0011c0acecfdb686.jpg,data_acquisition/raw_images/csgo/csgo_b4f6578ff6bf18b5.jpg,2026-07-25T11:39:26+08:00,CSGO
csgo_74a74b89021c8ad9,CSGO 击杀信息 游戏截图,"https://img1.baidu.com/it/u=2245753226,3930973805&fm=253&fmt=auto&app=120&f=JPEG?w=800&h=500",data_acquisition/raw_images/csgo/csgo_74a74b89021c8ad9.jpg,2026-07-25T11:39:26+08:00,CSGO
csgo_69d2722c931d1b3d,CSGO 击杀信息 游戏截图,https://i2.hdslb.com/bfs/archive/03c59ec6b5fe774aff3216e20833aad84e250a7d.jpg,data_acquisition/raw_images/csgo/csgo_69d2722c931d1b3d.jpg,2026-07-25T11:39:27+08:00,CSGO
csgo_ec9e8edb6168576e,CSGO 击杀信息 游戏截图,https://i0.hdslb.com/bfs/archive/4deaa98c776693686b37d307d269c3cdfe6771a3.jpg,data_acquisition/raw_images/csgo/csgo_ec9e8edb6168576e.jpg,2026-07-25T11:39:27+08:00,CSGO
csgo_9fd37ef8f7b5a990,CSGO 击杀信息 游戏截图,"https://t14.baidu.com/it/u=421456062,2118020312&fm=225&app=113&f=JPEG?w=1728&h=1080&s=6AA2DC4B28322C17403419130300C0C2",data_acquisition/raw_images/csgo/csgo_9fd37ef8f7b5a990.jpg,2026-07-25T11:39:27+08:00,CSGO
csgo_d611cb9705b1ba16,CSGO 击杀信息 游戏截图,https://i0.hdslb.com/bfs/archive/a8784a4c17f20536056a851568b313d0aa69ffaf.jpg,data_acquisition/raw_images/csgo/csgo_d611cb9705b1ba16.jpg,2026-07-25T11:39:28+08:00,CSGO
csgo_8239121a57e78cb6,CSGO 击杀信息 游戏截图,https://i0.hdslb.com/bfs/archive/b769174186f2d1affdb478f1bae47f7efcb47e54.jpg,data_acquisition/raw_images/csgo/csgo_8239121a57e78cb6.jpg,2026-07-25T11:39:28+08:00,CSGO
csgo_c91577064de9d81c,CSGO 击杀信息 游戏截图,https://i1.hdslb.com/bfs/archive/2daa52ca5f06aa210fd4b96939187ba2f74c3272.jpg,data_acquisition/raw_images/csgo/csgo_c91577064de9d81c.jpg,2026-07-25T11:39:29+08:00,CSGO
csgo_479381d38270a582,CSGO 击杀信息 游戏截图,"https://t15.baidu.com/it/u=3427529388585293057,9689397780316754117&fm=3008&app=3011&f=JPEG",data_acquisition/raw_images/csgo/csgo_479381d38270a582.jpg,2026-07-25T11:39:30+08:00,CSGO
csgo_30ae78f369cbbb82,CSGO 击杀信息 游戏截图,"https://img0.baidu.com/it/u=483869895,7886301&fm=253&fmt=auto&app=138&f=JPEG?w=1067&h=800",data_acquisition/raw_images/csgo/csgo_30ae78f369cbbb82.jpg,2026-07-25T11:39:33+08:00,CSGO
csgo_5b7d3927e7e100b3,CSGO 击杀信息 游戏截图,https://i0.hdslb.com/bfs/archive/32334c463d86031c1f6ecc9a2d44646d3c0d9e4a.jpg,data_acquisition/raw_images/csgo/csgo_5b7d3927e7e100b3.jpg,2026-07-25T11:39:34+08:00,CSGO
csgo_29ea5019ed9be7db,CSGO 击杀信息 游戏截图,https://i1.hdslb.com/bfs/archive/9ffa6f7e0614d0f189e1e3b7e24f2b4a71297947.jpg,data_acquisition/raw_images/csgo/csgo_29ea5019ed9be7db.jpg,2026-07-25T11:39:34+08:00,CSGO
csgo_1501e3ec30ed6db1,CSGO 击杀信息 游戏截图,https://i0.hdslb.com/bfs/archive/a120e7e059e854614def1d19e2ba3b7354c3f207.jpg,data_acquisition/raw_images/csgo/csgo_1501e3ec30ed6db1.jpg,2026-07-25T11:39:34+08:00,CSGO
csgo_b641ff7c931e6848,CSGO 击杀信息 游戏截图,"https://img0.baidu.com/it/u=2989431390,2984131918&fm=253&fmt=auto&app=120&f=JPEG?w=668&h=500",data_acquisition/raw_images/csgo/csgo_b641ff7c931e6848.jpg,2026-07-25T11:39:34+08:00,CSGO
csgo_b314592823003306,CSGO 击杀信息 游戏截图,https://i2.hdslb.com/bfs/archive/504640729f04ed148da3f5bbc682d0c94a035c4d.jpg,data_acquisition/raw_images/csgo/csgo_b314592823003306.jpg,2026-07-25T11:39:35+08:00,CSGO
csgo_f86e5d0df8be2176,CSGO 击杀信息 游戏截图,"https://t14.baidu.com/it/u=14917040997541121954,5639585563746871856&fm=3008&app=3011&f=JPEG",data_acquisition/raw_images/csgo/csgo_f86e5d0df8be2176.jpg,2026-07-25T11:39:35+08:00,CSGO
csgo_91b5c48ee29cba84,CSGO 击杀信息 游戏截图,https://i2.hdslb.com/bfs/archive/492a19d55eb0d3174ff809abcb3f8dc2d0a49fc0.jpg,data_acquisition/raw_images/csgo/csgo_91b5c48ee29cba84.jpg,2026-07-25T11:39:36+08:00,CSGO
csgo_13e8d548f1cfb91a,CSGO 击杀信息 游戏截图,https://i2.hdslb.com/bfs/archive/dce8f160bd5e6f9734c54ee322c606eee8589921.jpg,data_acquisition/raw_images/csgo/csgo_13e8d548f1cfb91a.jpg,2026-07-25T11:39:36+08:00,CSGO
csgo_91915bdb909f1a5e,CSGO 击杀信息 游戏截图,https://i1.hdslb.com/bfs/archive/029dd97acf7f0c74b21bb4f108713d1e47d88b9a.jpg,data_acquisition/raw_images/csgo/csgo_91915bdb909f1a5e.jpg,2026-07-25T11:39:36+08:00,CSGO
csgo_4946bab7be69e640,CSGO 击杀信息 游戏截图,"https://t13.baidu.com/it/u=3589135902,2267075878&fm=225&app=113&f=JPEG?w=3840&h=2160&s=E1F43BD514037D45529085D1030070B2",data_acquisition/raw_images/csgo/csgo_4946bab7be69e640.jpg,2026-07-25T11:39:38+08:00,CSGO
csgo_e1550b2c323874fd,CSGO 击杀信息 游戏截图,"https://img0.baidu.com/it/u=4261790748,2863451670&fm=253&fmt=auto&app=138&f=JPEG?w=1422&h=800",data_acquisition/raw_images/csgo/csgo_e1550b2c323874fd.jpg,2026-07-25T11:39:40+08:00,CSGO
csgo_2433a0046b5a8cd5,CSGO 击杀信息 游戏截图,"https://img2.baidu.com/it/u=820630116,661973168&fm=253&fmt=auto&app=120&f=JPEG?w=889&h=500",data_acquisition/raw_images/csgo/csgo_2433a0046b5a8cd5.jpg,2026-07-25T11:39:42+08:00,CSGO
csgo_48710c93467febe2,CSGO 击杀信息 游戏截图,https://i2.hdslb.com/bfs/archive/56c6ba96c0dc089db40465faa7bc284d285a6d8f.jpg,data_acquisition/raw_images/csgo/csgo_48710c93467febe2.jpg,2026-07-25T11:39:43+08:00,CSGO
csgo_76923be0dd134561,CSGO 击杀信息 游戏截图,https://i0.hdslb.com/bfs/archive/c3c410feddc29e4ea1b340b8c77af15c7b0eac63.jpg,data_acquisition/raw_images/csgo/csgo_76923be0dd134561.jpg,2026-07-25T11:39:45+08:00,CSGO
csgo_ed8a5be78db44003,CSGO 击杀信息 游戏截图,https://i2.hdslb.com/bfs/archive/f855c8a75e53ee61fa74558cacb6b6f84a7cc69a.jpg,data_acquisition/raw_images/csgo/csgo_ed8a5be78db44003.jpg,2026-07-25T11:39:45+08:00,CSGO
csgo_ab724478b2651276,CSGO 击杀信息 游戏截图,https://i0.hdslb.com/bfs/archive/9f42ea71e536b862d18d4dfe99ce7ace4af2990b.jpg,data_acquisition/raw_images/csgo/csgo_ab724478b2651276.jpg,2026-07-25T11:39:49+08:00,CSGO
lol_da0fb1fbe0fa75a6,LOL 五杀 游戏截图,"https://img1.baidu.com/it/u=3746152898,1804871736&fm=253&fmt=auto&app=120&f=JPEG?w=667&h=500",data_acquisition/raw_images/lol/lol_da0fb1fbe0fa75a6.jpg,2026-07-26T09:36:29+08:00,LOL
lol_b8c602bbfb17af8d,LOL 五杀 游戏截图,"https://img0.baidu.com/it/u=166075305,187553275&fm=253&fmt=auto&app=120&f=JPEG?w=1423&h=800",data_acquisition/raw_images/lol/lol_b8c602bbfb17af8d.jpg,2026-07-26T09:36:30+08:00,LOL
lol_4bf957d7f65aadda,LOL 五杀 游戏截图,"https://img0.baidu.com/it/u=1883527787,546207970&fm=253&fmt=auto&app=120&f=JPEG?w=889&h=500",data_acquisition/raw_images/lol/lol_4bf957d7f65aadda.jpg,2026-07-26T09:36:30+08:00,LOL
lol_3d2c93967c12d878,LOL 五杀 游戏截图,"https://img1.baidu.com/it/u=2106746373,2293845214&fm=253&fmt=auto&app=120&f=JPEG?w=889&h=500",data_acquisition/raw_images/lol/lol_3d2c93967c12d878.jpg,2026-07-26T09:36:31+08:00,LOL
lol_7a20e3db5894b53b,LOL 五杀 游戏截图,"https://img2.baidu.com/it/u=1956169854,2116477278&fm=253&fmt=auto&app=120&f=JPEG?w=889&h=500",data_acquisition/raw_images/lol/lol_7a20e3db5894b53b.jpg,2026-07-26T09:36:33+08:00,LOL
lol_caf3b637c14fa133,LOL 五杀 游戏截图,"https://img1.baidu.com/it/u=3264715349,1508833528&fm=253&fmt=auto&app=120&f=JPEG?w=667&h=500",data_acquisition/raw_images/lol/lol_caf3b637c14fa133.jpg,2026-07-26T09:36:34+08:00,LOL
lol_33da41c5814e60ce,LOL 五杀 游戏截图,"https://img0.baidu.com/it/u=4012120942,2824815862&fm=253&fmt=auto&app=120&f=JPEG?w=800&h=500",data_acquisition/raw_images/lol/lol_33da41c5814e60ce.jpg,2026-07-26T09:36:35+08:00,LOL
lol_8fef2a3be021330f,LOL 五杀 游戏截图,"https://img0.baidu.com/it/u=468516417,3251026127&fm=253&fmt=auto&app=138&f=JPEG?w=888&h=500",data_acquisition/raw_images/lol/lol_8fef2a3be021330f.jpg,2026-07-26T09:36:35+08:00,LOL
lol_3ef408f324cb6b82,LOL 五杀 游戏截图,"https://img0.baidu.com/it/u=3831128771,1857203953&fm=253&fmt=auto&app=120&f=JPEG?w=889&h=500",data_acquisition/raw_images/lol/lol_3ef408f324cb6b82.jpg,2026-07-26T09:36:35+08:00,LOL
lol_d621c33728e97ee0,LOL 五杀 游戏截图,"https://img1.baidu.com/it/u=2183502571,1353129884&fm=253&fmt=auto&app=138&f=JPEG?w=888&h=500",data_acquisition/raw_images/lol/lol_d621c33728e97ee0.jpg,2026-07-26T09:36:35+08:00,LOL
lol_95b4d494461326f0,LOL 五杀 游戏截图,"https://img0.baidu.com/it/u=3446671290,4161022490&fm=253&fmt=auto&app=138&f=JPEG?w=888&h=500",data_acquisition/raw_images/lol/lol_95b4d494461326f0.jpg,2026-07-26T09:36:35+08:00,LOL
lol_c9617ecaa1bfc430,LOL 五杀 游戏截图,"https://img2.baidu.com/it/u=2645375793,945065521&fm=253&fmt=auto&app=138&f=JPEG?w=888&h=500",data_acquisition/raw_images/lol/lol_c9617ecaa1bfc430.jpg,2026-07-26T09:36:37+08:00,LOL
lol_407d421729d65fbf,LOL 五杀 游戏截图,"https://img0.baidu.com/it/u=3290024107,473379165&fm=253&fmt=auto&app=138&f=JPEG?w=888&h=500",data_acquisition/raw_images/lol/lol_407d421729d65fbf.jpg,2026-07-26T09:36:37+08:00,LOL
lol_86d2686acbc90478,LOL 五杀 游戏截图,"https://img1.baidu.com/it/u=391025873,3956078214&fm=253&fmt=auto&app=138&f=JPEG?w=888&h=500",data_acquisition/raw_images/lol/lol_86d2686acbc90478.jpg,2026-07-26T09:36:39+08:00,LOL
lol_eb944afb07cde797,LOL 五杀 游戏截图,"https://img2.baidu.com/it/u=1397229112,1241069225&fm=253&fmt=auto&app=138&f=JPEG?w=888&h=500",data_acquisition/raw_images/lol/lol_eb944afb07cde797.jpg,2026-07-26T09:36:39+08:00,LOL
lol_13b5228435eac384,LOL 五杀 游戏截图,"https://img2.baidu.com/it/u=3153976908,1827721504&fm=253&fmt=auto&app=120&f=JPEG?w=1423&h=800",data_acquisition/raw_images/lol/lol_13b5228435eac384.jpg,2026-07-26T09:36:39+08:00,LOL
lol_e902269bc2a17dbe,LOL 五杀 游戏截图,"https://img1.baidu.com/it/u=242240137,2598014678&fm=253&fmt=auto&app=138&f=JPEG?w=888&h=500",data_acquisition/raw_images/lol/lol_e902269bc2a17dbe.jpg,2026-07-26T09:36:39+08:00,LOL
lol_a9789fe3d244ac34,LOL 五杀 游戏截图,"https://img0.baidu.com/it/u=3946838787,2270304538&fm=253&fmt=auto&app=138&f=JPEG?w=888&h=500",data_acquisition/raw_images/lol/lol_a9789fe3d244ac34.jpg,2026-07-26T09:36:39+08:00,LOL
lol_7c05de873e1d09d9,LOL 五杀 游戏截图,"https://img2.baidu.com/it/u=3549050797,2390588200&fm=253&fmt=auto&app=120&f=JPEG?w=889&h=500",data_acquisition/raw_images/lol/lol_7c05de873e1d09d9.jpg,2026-07-26T09:36:39+08:00,LOL
lol_1ef01a51fb792542,LOL 五杀 游戏截图,"https://img1.baidu.com/it/u=2914444772,503743397&fm=253&fmt=auto&app=138&f=JPEG?w=888&h=500",data_acquisition/raw_images/lol/lol_1ef01a51fb792542.jpg,2026-07-26T09:36:39+08:00,LOL
lol_3863e0372c2d67e7,LOL 五杀 游戏截图,"https://img1.baidu.com/it/u=2238144681,3881198612&fm=253&fmt=auto&app=138&f=JPEG?w=888&h=500",data_acquisition/raw_images/lol/lol_3863e0372c2d67e7.jpg,2026-07-26T09:36:40+08:00,LOL
lol_d83cc70e6103d023,LOL 五杀 游戏截图,"https://img2.baidu.com/it/u=791064822,647383160&fm=253&fmt=auto&app=120&f=JPEG?w=800&h=500",data_acquisition/raw_images/lol/lol_d83cc70e6103d023.jpg,2026-07-26T09:36:40+08:00,LOL
lol_2643cecd4eafc33d,LOL 五杀 游戏截图,"https://img1.baidu.com/it/u=97619085,415048868&fm=253&fmt=auto&app=138&f=JPEG?w=888&h=500",data_acquisition/raw_images/lol/lol_2643cecd4eafc33d.jpg,2026-07-26T09:36:40+08:00,LOL
lol_3cdaead83aed8efe,LOL 五杀 游戏截图,"https://img2.baidu.com/it/u=1784618339,2963417008&fm=253&fmt=auto&app=120&f=JPEG?w=801&h=500",data_acquisition/raw_images/lol/lol_3cdaead83aed8efe.jpg,2026-07-26T09:36:40+08:00,LOL
lol_13456aec881633d5,LOL 五杀 游戏截图,"https://img0.baidu.com/it/u=1194464853,1761055252&fm=253&fmt=auto&app=138&f=JPEG?w=888&h=500",data_acquisition/raw_images/lol/lol_13456aec881633d5.jpg,2026-07-26T09:36:40+08:00,LOL
lol_eff2c5b41674d354,LOL 五杀 游戏截图,"https://img2.baidu.com/it/u=3880481405,4026857166&fm=253&fmt=auto&app=138&f=JPEG?w=888&h=500",data_acquisition/raw_images/lol/lol_eff2c5b41674d354.jpg,2026-07-26T09:36:40+08:00,LOL
lol_ed30e3809f2ca2e5,LOL 五杀 游戏截图,"https://img1.baidu.com/it/u=2451032358,3019809225&fm=253&fmt=auto&app=138&f=JPEG?w=888&h=500",data_acquisition/raw_images/lol/lol_ed30e3809f2ca2e5.jpg,2026-07-26T09:36:42+08:00,LOL
lol_61f8f42b6e91951b,LOL 五杀 游戏截图,"https://img0.baidu.com/it/u=3119845338,2954942915&fm=253&fmt=auto&app=120&f=JPEG?w=800&h=500",data_acquisition/raw_images/lol/lol_61f8f42b6e91951b.jpg,2026-07-26T09:36:42+08:00,LOL
lol_5e331d8f84219097,LOL 五杀 游戏截图,"https://img1.baidu.com/it/u=840121782,1279579672&fm=253&fmt=auto&app=138&f=JPEG?w=888&h=500",data_acquisition/raw_images/lol/lol_5e331d8f84219097.jpg,2026-07-26T09:36:42+08:00,LOL
lol_a283d570844b183a,LOL 五杀 游戏截图,"https://img2.baidu.com/it/u=4008769571,3679069603&fm=253&fmt=auto&app=138&f=JPEG?w=889&h=500",data_acquisition/raw_images/lol/lol_a283d570844b183a.jpg,2026-07-26T09:36:42+08:00,LOL
lol_9e9a9b6ca58a4190,LOL 五杀 游戏截图,"https://img0.baidu.com/it/u=3944135052,2318214815&fm=253&fmt=auto&app=138&f=JPEG?w=888&h=500",data_acquisition/raw_images/lol/lol_9e9a9b6ca58a4190.jpg,2026-07-26T09:36:43+08:00,LOL
lol_996bfdf7900c5605,LOL 五杀 游戏截图,"https://img1.baidu.com/it/u=1581542697,4087984975&fm=253&fmt=auto&app=120&f=JPEG?w=800&h=500",data_acquisition/raw_images/lol/lol_996bfdf7900c5605.jpg,2026-07-26T09:36:43+08:00,LOL
lol_436c49b0132d505f,LOL 五杀 游戏截图,"https://img0.baidu.com/it/u=2781758497,491182975&fm=253&fmt=auto&app=138&f=JPEG?w=888&h=500",data_acquisition/raw_images/lol/lol_436c49b0132d505f.jpg,2026-07-26T09:36:43+08:00,LOL
lol_5564bd03ec6ad5fe,LOL 五杀 游戏截图,"https://img0.baidu.com/it/u=4161830467,3843855502&fm=253&fmt=auto&app=138&f=JPEG?w=888&h=500",data_acquisition/raw_images/lol/lol_5564bd03ec6ad5fe.jpg,2026-07-26T09:36:43+08:00,LOL
lol_84fafa7d93d22256,LOL 五杀 游戏截图,"https://img0.baidu.com/it/u=1517089427,1387008618&fm=253&fmt=auto&app=138&f=JPEG?w=888&h=500",data_acquisition/raw_images/lol/lol_84fafa7d93d22256.jpg,2026-07-26T09:36:43+08:00,LOL
lol_2541ff31701d7c94,LOL 五杀 游戏截图,"https://img0.baidu.com/it/u=2208898118,4147169352&fm=253&fmt=auto&app=138&f=JPEG?w=888&h=500",data_acquisition/raw_images/lol/lol_2541ff31701d7c94.jpg,2026-07-26T09:36:43+08:00,LOL
lol_d9e09627b9aa217a,LOL 五杀 游戏截图,"https://img2.baidu.com/it/u=2368721851,2408946454&fm=253&fmt=auto&app=138&f=JPEG?w=888&h=500",data_acquisition/raw_images/lol/lol_d9e09627b9aa217a.jpg,2026-07-26T09:36:44+08:00,LOL
lol_42873972004427e8,LOL 五杀 游戏截图,"https://img2.baidu.com/it/u=636382485,3512976040&fm=253&fmt=auto&app=120&f=JPEG?w=800&h=500",data_acquisition/raw_images/lol/lol_42873972004427e8.jpg,2026-07-26T09:36:44+08:00,LOL
lol_de1693d59593cc96,LOL 五杀 游戏截图,"https://img0.baidu.com/it/u=1472047458,487596704&fm=253&fmt=auto&app=138&f=JPEG?w=888&h=500",data_acquisition/raw_images/lol/lol_de1693d59593cc96.jpg,2026-07-26T09:36:44+08:00,LOL
lol_54ce95d431b5accb,LOL 五杀 游戏截图,"https://img1.baidu.com/it/u=4144773382,2014992387&fm=253&fmt=auto&app=120&f=JPEG?w=800&h=500",data_acquisition/raw_images/lol/lol_54ce95d431b5accb.jpg,2026-07-26T09:36:44+08:00,LOL
csgo_8d7b9d3334dd86fd,CSGO 击杀信息 游戏截图,"https://img0.baidu.com/it/u=1011436805,789366691&fm=253&fmt=auto&app=120&f=JPEG?w=800&h=500",data_acquisition/raw_images/csgo/csgo_8d7b9d3334dd86fd.jpg,2026-07-26T09:36:45+08:00,CSGO
csgo_7dec91cf0146fa1e,CSGO 击杀信息 游戏截图,"https://img0.baidu.com/it/u=3431062408,1742579559&fm=253&fmt=auto&app=120&f=JPEG?w=800&h=500",data_acquisition/raw_images/csgo/csgo_7dec91cf0146fa1e.jpg,2026-07-26T09:36:45+08:00,CSGO
csgo_144a0a1d99bba633,CSGO 击杀信息 游戏截图,"https://img0.baidu.com/it/u=1822058745,2966044832&fm=253&fmt=auto&app=120&f=JPEG?w=889&h=500",data_acquisition/raw_images/csgo/csgo_144a0a1d99bba633.jpg,2026-07-26T09:36:45+08:00,CSGO
csgo_e7cb3f9fae109a8d,CSGO 击杀信息 游戏截图,"https://img0.baidu.com/it/u=2213699184,2766299040&fm=253&fmt=auto&app=120&f=JPEG?w=889&h=500",data_acquisition/raw_images/csgo/csgo_e7cb3f9fae109a8d.jpg,2026-07-26T09:36:45+08:00,CSGO
csgo_7d4cb5f61e13cf3f,CSGO 击杀信息 游戏截图,"https://img0.baidu.com/it/u=4184775017,3409962463&fm=253&fmt=auto&app=120&f=JPEG?w=889&h=500",data_acquisition/raw_images/csgo/csgo_7d4cb5f61e13cf3f.jpg,2026-07-26T09:36:45+08:00,CSGO
csgo_c0c4e910c7a15c38,CSGO 击杀信息 游戏截图,"https://img2.baidu.com/it/u=908091171,1680062442&fm=253&fmt=auto&app=120&f=JPEG?w=889&h=500",data_acquisition/raw_images/csgo/csgo_c0c4e910c7a15c38.jpg,2026-07-26T09:36:45+08:00,CSGO
csgo_bc759a7d72efab26,CSGO 击杀信息 游戏截图,"https://img0.baidu.com/it/u=2788346511,2921040799&fm=253&fmt=auto&app=120&f=JPEG?w=665&h=500",data_acquisition/raw_images/csgo/csgo_bc759a7d72efab26.jpg,2026-07-26T09:36:45+08:00,CSGO
csgo_0d5f464172845415,CSGO 击杀信息 游戏截图,"https://img0.baidu.com/it/u=3048349072,4196485026&fm=253&fmt=auto&app=120&f=JPEG?w=889&h=500",data_acquisition/raw_images/csgo/csgo_0d5f464172845415.jpg,2026-07-26T09:36:47+08:00,CSGO
csgo_24cbb1957b8f2940,CSGO 击杀信息 游戏截图,"https://img1.baidu.com/it/u=738386421,1315856198&fm=253&fmt=auto&app=120&f=JPEG?w=800&h=500",data_acquisition/raw_images/csgo/csgo_24cbb1957b8f2940.jpg,2026-07-26T09:36:47+08:00,CSGO
csgo_ebbfb36008824bdd,CSGO 击杀信息 游戏截图,"https://img1.baidu.com/it/u=2139738390,845791462&fm=253&fmt=auto&app=120&f=JPEG?w=889&h=500",data_acquisition/raw_images/csgo/csgo_ebbfb36008824bdd.jpg,2026-07-26T09:36:47+08:00,CSGO
csgo_1ecad5fbe71b2ad2,CSGO 击杀信息 游戏截图,"https://img1.baidu.com/it/u=229570433,3690385011&fm=253&fmt=auto&app=120&f=JPEG?w=889&h=500",data_acquisition/raw_images/csgo/csgo_1ecad5fbe71b2ad2.jpg,2026-07-26T09:36:47+08:00,CSGO
csgo_aa468f1adb017c77,CSGO 击杀信息 游戏截图,"https://img2.baidu.com/it/u=335859398,730308218&fm=253&fmt=auto&app=138&f=JPEG?w=889&h=500",data_acquisition/raw_images/csgo/csgo_aa468f1adb017c77.jpg,2026-07-26T09:36:48+08:00,CSGO
csgo_8d41eacdd80aa3e4,CSGO 击杀信息 游戏截图,"https://img2.baidu.com/it/u=2166006185,766981311&fm=253&fmt=auto&app=120&f=JPEG?w=800&h=500",data_acquisition/raw_images/csgo/csgo_8d41eacdd80aa3e4.jpg,2026-07-26T09:36:48+08:00,CSGO
csgo_6600eab910dbdfbe,CSGO 击杀信息 游戏截图,"https://img0.baidu.com/it/u=2002345414,4143098090&fm=253&fmt=auto&app=120&f=JPEG?w=889&h=500",data_acquisition/raw_images/csgo/csgo_6600eab910dbdfbe.jpg,2026-07-26T09:36:48+08:00,CSGO
csgo_e1fd3da416ea1c1f,CSGO 击杀信息 游戏截图,"https://img0.baidu.com/it/u=4187336024,2972460485&fm=253&fmt=auto&app=120&f=JPEG?w=889&h=500",data_acquisition/raw_images/csgo/csgo_e1fd3da416ea1c1f.jpg,2026-07-26T09:36:48+08:00,CSGO
csgo_466955bef5b14398,CSGO 击杀信息 游戏截图,"https://img0.baidu.com/it/u=1441001662,1034975530&fm=253&fmt=auto&app=138&f=JPEG?w=889&h=500",data_acquisition/raw_images/csgo/csgo_466955bef5b14398.jpg,2026-07-26T09:36:49+08:00,CSGO
csgo_7037d1995314899f,CSGO 击杀信息 游戏截图,"https://img2.baidu.com/it/u=1334614283,2323486385&fm=253&fmt=auto&app=120&f=JPEG?w=889&h=500",data_acquisition/raw_images/csgo/csgo_7037d1995314899f.jpg,2026-07-26T09:36:49+08:00,CSGO
csgo_58a653982944ca0b,CSGO 击杀信息 游戏截图,"https://img1.baidu.com/it/u=3008257549,1580028868&fm=253&fmt=auto&app=120&f=JPEG?w=889&h=500",data_acquisition/raw_images/csgo/csgo_58a653982944ca0b.jpg,2026-07-26T09:36:51+08:00,CSGO
csgo_6f82ef845fa12032,CSGO 击杀信息 游戏截图,"https://img1.baidu.com/it/u=2059348764,4273907359&fm=253&fmt=auto&app=120&f=JPEG?w=889&h=500",data_acquisition/raw_images/csgo/csgo_6f82ef845fa12032.jpg,2026-07-26T09:36:51+08:00,CSGO
csgo_56dec0d15aa0606d,CSGO 击杀信息 游戏截图,"https://img0.baidu.com/it/u=834048073,1644903236&fm=253&fmt=auto&app=120&f=JPEG?w=800&h=500",data_acquisition/raw_images/csgo/csgo_56dec0d15aa0606d.jpg,2026-07-26T09:36:51+08:00,CSGO
csgo_1782cb03d501a61c,CSGO 击杀信息 游戏截图,"https://img1.baidu.com/it/u=2994887857,3663386468&fm=253&fmt=auto&app=120&f=JPEG?w=889&h=500",data_acquisition/raw_images/csgo/csgo_1782cb03d501a61c.jpg,2026-07-26T09:36:51+08:00,CSGO
csgo_0537f927b6f2564c,CSGO 击杀信息 游戏截图,"https://img0.baidu.com/it/u=3604080079,533854565&fm=253&fmt=auto&app=120&f=JPEG?w=889&h=500",data_acquisition/raw_images/csgo/csgo_0537f927b6f2564c.jpg,2026-07-26T09:36:51+08:00,CSGO
csgo_70f87389563e16ad,CSGO 击杀信息 游戏截图,"https://img0.baidu.com/it/u=1967026841,2614967654&fm=253&fmt=auto&app=120&f=JPEG?w=889&h=500",data_acquisition/raw_images/csgo/csgo_70f87389563e16ad.jpg,2026-07-26T09:36:51+08:00,CSGO
csgo_cc6ce2135d6fe7e1,CSGO 击杀信息 游戏截图,"https://img0.baidu.com/it/u=573312752,759109205&fm=253&fmt=auto&app=120&f=JPEG?w=720&h=500",data_acquisition/raw_images/csgo/csgo_cc6ce2135d6fe7e1.jpg,2026-07-26T09:36:51+08:00,CSGO
csgo_fa2946b0a2bfc5ed,CSGO 击杀信息 游戏截图,"https://img2.baidu.com/it/u=3723082345,2891190117&fm=253&fmt=auto&app=120&f=JPEG?w=800&h=500",data_acquisition/raw_images/csgo/csgo_fa2946b0a2bfc5ed.jpg,2026-07-26T09:36:53+08:00,CSGO
csgo_2d7ffec47e79907a,CSGO 击杀信息 游戏截图,"https://img2.baidu.com/it/u=2790546199,1810673927&fm=253&fmt=auto&app=120&f=JPEG?w=800&h=500",data_acquisition/raw_images/csgo/csgo_2d7ffec47e79907a.jpg,2026-07-26T09:36:53+08:00,CSGO
csgo_6328cd6e97c3a07a,CSGO 击杀信息 游戏截图,"https://img1.baidu.com/it/u=2785709313,2145997641&fm=253&fmt=auto&app=120&f=JPEG?w=879&h=500",data_acquisition/raw_images/csgo/csgo_6328cd6e97c3a07a.jpg,2026-07-26T09:36:53+08:00,CSGO
csgo_2647779005217b57,CSGO 击杀信息 游戏截图,"https://img1.baidu.com/it/u=4140104548,3139036677&fm=253&fmt=auto&app=120&f=JPEG?w=889&h=500",data_acquisition/raw_images/csgo/csgo_2647779005217b57.jpg,2026-07-26T09:36:54+08:00,CSGO
csgo_ca6f5b76b81c8968,CSGO 击杀信息 游戏截图,"https://img2.baidu.com/it/u=3556666594,364904217&fm=253&fmt=auto&app=120&f=JPEG?w=889&h=500",data_acquisition/raw_images/csgo/csgo_ca6f5b76b81c8968.jpg,2026-07-26T09:36:54+08:00,CSGO
csgo_6e38ef71490b11dc,CSGO 击杀信息 游戏截图,"https://img1.baidu.com/it/u=1640168549,2403766607&fm=253&fmt=auto&app=120&f=JPEG?w=889&h=500",data_acquisition/raw_images/csgo/csgo_6e38ef71490b11dc.jpg,2026-07-26T09:36:54+08:00,CSGO
csgo_16446a249aff2bdc,CSGO 击杀信息 游戏截图,"https://img2.baidu.com/it/u=2910619175,1241029538&fm=253&fmt=auto&app=120&f=JPEG?w=889&h=500",data_acquisition/raw_images/csgo/csgo_16446a249aff2bdc.jpg,2026-07-26T09:36:54+08:00,CSGO
csgo_16c3be171ac16931,CSGO 击杀信息 游戏截图,"https://img2.baidu.com/it/u=2903035118,1599900063&fm=253&fmt=auto&app=138&f=JPEG?w=800&h=500",data_acquisition/raw_images/csgo/csgo_16c3be171ac16931.jpg,2026-07-26T09:36:54+08:00,CSGO
csgo_b8af6d921fbf8470,CSGO 击杀信息 游戏截图,"https://img1.baidu.com/it/u=1985561095,2163993305&fm=253&fmt=auto&app=120&f=JPEG?w=801&h=500",data_acquisition/raw_images/csgo/csgo_b8af6d921fbf8470.jpg,2026-07-26T09:36:55+08:00,CSGO
csgo_8f91b662d5c9b93e,CSGO 击杀信息 游戏截图,"https://img1.baidu.com/it/u=143523429,142687282&fm=253&fmt=auto&app=120&f=JPEG?w=800&h=500",data_acquisition/raw_images/csgo/csgo_8f91b662d5c9b93e.jpg,2026-07-26T09:36:55+08:00,CSGO
csgo_68d966fca9e2af5a,CSGO 击杀信息 游戏截图,"https://img2.baidu.com/it/u=2006376475,968462546&fm=253&fmt=auto&app=120&f=JPEG?w=667&h=500",data_acquisition/raw_images/csgo/csgo_68d966fca9e2af5a.jpg,2026-07-26T09:36:55+08:00,CSGO
csgo_2383192f18cb5552,CSGO 击杀信息 游戏截图,"https://img0.baidu.com/it/u=1327583932,4211097213&fm=253&fmt=auto&app=138&f=JPEG?w=800&h=500",data_acquisition/raw_images/csgo/csgo_2383192f18cb5552.jpg,2026-07-26T09:36:56+08:00,CSGO
csgo_4d4f9e7159496525,CSGO 击杀信息 游戏截图,"https://img1.baidu.com/it/u=2607010696,568591365&fm=253&fmt=auto&app=120&f=JPEG?w=889&h=500",data_acquisition/raw_images/csgo/csgo_4d4f9e7159496525.jpg,2026-07-26T09:36:57+08:00,CSGO
csgo_41bc85ab2bc09af0,CSGO 击杀信息 游戏截图,"https://img1.baidu.com/it/u=481112129,4196283206&fm=253&fmt=auto&app=120&f=JPEG?w=889&h=500",data_acquisition/raw_images/csgo/csgo_41bc85ab2bc09af0.jpg,2026-07-26T09:36:57+08:00,CSGO
csgo_de41cac7160e9573,CSGO 击杀信息 游戏截图,"https://img1.baidu.com/it/u=3700791504,1185982970&fm=253&fmt=auto&app=120&f=JPEG?w=889&h=500",data_acquisition/raw_images/csgo/csgo_de41cac7160e9573.jpg,2026-07-26T09:36:57+08:00,CSGO
csgo_5b9c3b400716968b,CSGO 击杀信息 游戏截图,"https://img2.baidu.com/it/u=3884220424,3318629556&fm=253&fmt=auto&app=120&f=JPEG?w=889&h=500",data_acquisition/raw_images/csgo/csgo_5b9c3b400716968b.jpg,2026-07-26T09:36:57+08:00,CSGO
